Source_Name_1,match1,TEAM,Bowler,Overs,Balls,Madiens,Runs,Wickets,Wides,No Balls,Hattricks,Dot Balls,Index
4,LSG_RR_4,LSG,Mohsin Khan,4,24,0,45,1,1,0,0,8,1
4,LSG_RR_4,LSG,Naveen Ul-Haq,4,24,0,41,2,4,0,0,8,2
4,LSG_RR_4,LSG,Krunal Pandya,4,24,0,19,0,0,0,0,6,3
4,LSG_RR_4,LSG,Ravi Bishnoi,4,24,0,38,1,0,0,0,5,4
4,LSG_RR_4,LSG,Yash Thakur,3,18,0,43,0,1,1,0,3,5
4,LSG_RR_4,LSG,Ayush Badoni,1,6,0,6,0,0,0,0,1,6
4,LSG_RR_4,RR,Trent Boult,4,24,0,35,2,0,0,0,12,8
4,LSG_RR_4,RR,Nandre Burger,3,18,0,30,1,0,0,0,8,9
4,LSG_RR_4,RR,Ravichandran Ashwin,4,24,0,35,1,5,0,0,4,10
4,LSG_RR_4,RR,Avesh Khan,3,18,0,21,0,2,0,0,4,11
4,LSG_RR_4,RR,Yuzvendra Chahal,3,18,0,25,1,1,0,0,6,12
4,LSG_RR_4,RR,Sandeep Sharma,3,18,0,22,1,1,0,0,6,13
1,CSK_RCB_1,CSK,Deepak Chahar,4,24,0,37,1,2,0,0,10,28
1,CSK_RCB_1,CSK,Tushar Deshpande,4,24,0,47,0,6,0,0,10,29
1,CSK_RCB_1,CSK,Maheesh Theekshana,4,24,0,36,0,0,0,0,4,30
1,CSK_RCB_1,CSK,Mustafizur Rahman,4,24,0,29,4,2,0,0,12,31
1,CSK_RCB_1,CSK,Ravindra Jadeja,4,24,0,21,0,0,0,0,8,32
1,CSK_RCB_1,RCB,Mohammed Siraj,4,24,0,38,0,1,0,0,9,67
1,CSK_RCB_1,RCB,Yash Dayal,3,18,0,28,1,0,0,0,8,68
1,CSK_RCB_1,RCB,Alzarri Joseph,3.4,22,0,38,0,4,0,0,5,69
1,CSK_RCB_1,RCB,Karn Sharma,2,12,0,24,1,0,0,0,4,70
1,CSK_RCB_1,RCB,Mayank Dagar,2,12,0,6,0,0,0,0,6,71
1,CSK_RCB_1,RCB,Cameron Green,3,18,0,27,2,3,0,0,5,72
1,CSK_RCB_1,RCB,Glenn Maxwell,1,6,0,7,0,0,0,0,4,73
10,KKR_RCB_10,KKR,Mitchell Starc,4,24,0,47,0,1,0,0,7,110
10,KKR_RCB_10,KKR,Harshit Rana,4,24,0,39,2,1,0,0,6,111
10,KKR_RCB_10,KKR,Anukul Roy,2,12,0,6,0,0,0,0,7,112
10,KKR_RCB_10,KKR,Sunil Narine,4,24,0,40,1,0,0,0,6,113
10,KKR_RCB_10,KKR,Andre Russell,4,24,0,29,2,1,0,0,12,114
10,KKR_RCB_10,KKR,Varun Chakaravarthy,2,12,0,20,0,0,0,0,3,115
10,KKR_RCB_10,RCB,Mohammed Siraj,3,18,0,46,0,2,0,0,3,150
10,KKR_RCB_10,RCB,Yash Dayal,4,24,0,46,1,6,0,0,8,151
10,KKR_RCB_10,RCB,Alzarri Joseph,2,12,0,34,0,0,0,0,5,152
10,KKR_RCB_10,RCB,Mayank Dagar,2.5,17,0,23,1,0,0,0,6,153
10,KKR_RCB_10,RCB,Vijaykumar Vyshak,4,24,0,23,1,0,0,0,6,154
10,KKR_RCB_10,RCB,Cameron Green,1,6,0,7,0,0,0,0,2,155
11,LSG_PBKS_11,PBKS,Sam Curran,4,24,0,28,3,0,0,0,10,191
11,LSG_PBKS_11,PBKS,Arshdeep Singh,3,18,0,30,2,1,0,0,5,192
11,LSG_PBKS_11,PBKS,Kagiso Rabada,4,24,0,38,1,0,0,0,10,193
11,LSG_PBKS_11,PBKS,Rahul Chahar,3,18,0,42,1,0,0,0,1,194
11,LSG_PBKS_11,PBKS,Harpreet Brar,2,12,0,14,0,0,0,0,4,195
11,LSG_PBKS_11,PBKS,Harshal Patel,4,24,0,45,0,4,0,0,6,196
11,LSG_PBKS_11,LSG,Manimaran Siddharth,2,12,0,21,0,0,0,0,5,233
11,LSG_PBKS_11,LSG,Naveen Ul-Haq,4,24,0,43,0,1,0,0,5,234
11,LSG_PBKS_11,LSG,Mohsin Khan,4,24,0,34,2,1,0,0,10,235
11,LSG_PBKS_11,LSG,Krunal Pandya,3,18,0,26,0,0,0,0,5,236
11,LSG_PBKS_11,LSG,Ravi Bishnoi,3,18,0,25,0,0,0,0,7,237
11,LSG_PBKS_11,LSG,Mayank Yadav,4,24,0,27,3,0,0,0,12,238
12,GT_SRH_12,GT,Azmatullah Omarzai,3,18,0,24,1,1,0,0,9,276
12,GT_SRH_12,GT,Umesh Yadav,3,18,0,28,1,0,0,0,8,277
12,GT_SRH_12,GT,Rashid Khan,4,24,0,33,1,0,0,0,7,278
12,GT_SRH_12,GT,Noor Ahmad,4,24,0,32,1,0,0,0,10,279
12,GT_SRH_12,GT,Mohit Sharma,4,24,0,25,3,0,0,0,6,280
12,GT_SRH_12,GT,Darshan Nalkande,2,12,0,18,0,1,0,0,2,281
12,GT_SRH_12,SRH,Bhuvneshwar Kumar,4,24,0,27,0,1,0,0,9,318
12,GT_SRH_12,SRH,Shahbaz Ahmed,2,12,0,20,1,0,0,0,2,319
12,GT_SRH_12,SRH,Jaydev Unadkat,3.1,19,0,33,0,0,0,0,5,320
12,GT_SRH_12,SRH,Washington Sunder,3,18,0,27,0,0,0,0,1,321
12,GT_SRH_12,SRH,Mayank Markande,3,18,0,33,1,2,0,0,4,322
12,GT_SRH_12,SRH,Pat Cummins,4,24,0,28,1,1,0,0,7,323
13,CSK_DC_13,CSK,Deepak Chahar,4,24,0,42,0,0,0,0,9,359
13,CSK_DC_13,CSK,Tushar Deshpande,4,24,0,24,0,2,0,0,12,360
13,CSK_DC_13,CSK,Mustafizur Rahman,4,24,0,47,1,1,2,0,5,361
13,CSK_DC_13,CSK,Ravindra Jadeja,4,24,0,43,1,0,0,0,5,362
13,CSK_DC_13,CSK,Matheesha Prathirana,4,24,0,31,3,2,0,0,10,363
13,CSK_DC_13,DC,Khaleel Ahmed,4,24,1,21,2,4,0,0,15,397
13,CSK_DC_13,DC,Ishant Sharma,3,18,0,23,0,1,1,0,7,398
13,CSK_DC_13,DC,Anrich Nortje,4,24,0,43,0,1,0,0,7,399
13,CSK_DC_13,DC,Axar Patel,3,18,0,20,1,0,0,0,5,400
13,CSK_DC_13,DC,Rasikh Dar,2,12,0,25,0,0,0,0,2,401
13,CSK_DC_13,DC,Mitchell Marsh,1,6,0,14,0,1,0,0,0,402
13,CSK_DC_13,DC,Mukesh Kumar,3,18,0,21,3,1,0,0,8,403
14,MI_RR_14,RR,Trent Boult,4,24,0,22,3,1,0,0,14,442
14,MI_RR_14,RR,Nandre Burger,4,24,0,32,2,1,0,0,15,443
14,MI_RR_14,RR,Avesh Khan,4,24,0,30,1,1,0,0,10,444
14,MI_RR_14,RR,Yuzvendra Chahal,4,24,0,11,3,0,0,0,16,445
14,MI_RR_14,RR,Ravichandran Ashwin,4,24,0,27,0,1,0,0,6,446
14,MI_RR_14,MI,Kwena Maphaka,2,12,0,23,1,0,0,0,5,484
14,MI_RR_14,MI,Jasprit Bumrah,4,24,0,26,0,9,0,0,16,485
14,MI_RR_14,MI,Akash Madhwal,4,24,0,20,3,1,0,0,9,486
14,MI_RR_14,MI,Gerald Coetzee,2.3,15,0,36,0,0,0,0,5,487
14,MI_RR_14,MI,Piyush Chawla,3,18,0,18,0,0,0,0,6,488
15,LSG_RCB_15,RCB,Reece Topley,4,24,0,39,1,1,0,0,11,525
15,LSG_RCB_15,RCB,Yash Dayal,4,24,0,24,1,0,0,0,12,526
15,LSG_RCB_15,RCB,Mohammed Siraj,4,24,0,47,1,3,0,0,11,527
15,LSG_RCB_15,RCB,Glenn Maxwell,4,24,0,23,2,1,0,0,12,528
15,LSG_RCB_15,RCB,Mayank Dagar,2,12,0,23,0,5,0,0,2,529
15,LSG_RCB_15,RCB,Cameron Green,2,12,0,25,0,0,0,0,3,530
15,LSG_RCB_15,LSG,Manimaran Siddharth,3,18,0,21,1,0,0,0,7,564
15,LSG_RCB_15,LSG,Krunal Pandya,1,6,0,10,0,0,0,0,0,565
15,LSG_RCB_15,LSG,Naveen Ul-Haq,3.4,22,0,25,2,1,0,0,14,566
15,LSG_RCB_15,LSG,Mayank Yadav,4,24,0,14,3,0,0,0,17,567
15,LSG_RCB_15,LSG,Ravi Bishnoi,3,18,0,33,0,2,0,0,6,568
15,LSG_RCB_15,LSG,Yash Thakur,4,24,0,38,1,0,0,0,7,569
15,LSG_RCB_15,LSG,Marcus Stoinis,1,6,0,9,1,5,0,0,3,570
16,DC_KKR_16,DC,Khaleel Ahmed,4,24,0,43,1,8,1,0,12,613
16,DC_KKR_16,DC,Ishant Sharma,3,18,0,43,2,0,0,0,6,614
16,DC_KKR_16,DC,Anrich Nortje,4,24,0,59,3,2,0,0,6,615
16,DC_KKR_16,DC,Rasikh Dar,3,18,0,47,0,1,0,0,5,616
16,DC_KKR_16,DC,Sumit Kumar,2,12,0,19,0,0,0,0,2,617
16,DC_KKR_16,DC,Axar Patel,1,6,0,18,0,0,0,0,1,618
16,DC_KKR_16,DC,Mitchell Marsh,3,18,0,37,1,4,0,0,4,619
16,DC_KKR_16,KKR,Mitchell Starc,3,18,0,25,2,0,0,0,10,655
16,DC_KKR_16,KKR,Vaibhav Arora,4,24,0,27,3,3,0,0,13,656
16,DC_KKR_16,KKR,Andre Russell,1.2,8,0,14,1,0,0,0,4,657
16,DC_KKR_16,KKR,Sunil Narine,4,24,0,29,1,0,0,0,12,658
16,DC_KKR_16,KKR,Varun Chakaravarthy,4,24,0,33,3,2,1,0,10,659
16,DC_KKR_16,KKR,Venkatesh Iyer,1,6,0,28,0,0,0,0,0,660
17,GT_PBKS_17,PBKS,Harpreet Brar,4,24,0,33,1,0,0,0,10,703
17,GT_PBKS_17,PBKS,Arshdeep Singh,4,24,0,33,0,0,0,0,6,704
17,GT_PBKS_17,PBKS,Kagiso Rabada,4,24,0,44,2,1,0,0,6,705
17,GT_PBKS_17,PBKS,Sam Curran,2,12,0,18,0,0,0,0,4,706
17,GT_PBKS_17,PBKS,Harshal Patel,4,24,0,44,1,3,0,0,3,707
17,GT_PBKS_17,PBKS,Sikandar Raza,2,12,0,22,0,0,0,0,2,708
17,GT_PBKS_17,GT,Azmatullah Omarzai,4,24,0,41,1,1,0,0,6,741
17,GT_PBKS_17,GT,Umesh Yadav,3,18,0,35,1,0,0,0,6,742
17,GT_PBKS_17,GT,Rashid Khan,4,24,0,40,1,0,0,0,8,743
17,GT_PBKS_17,GT,Noor Ahmad,4,24,0,32,2,3,0,0,10,744
17,GT_PBKS_17,GT,Mohit Sharma,4,24,0,38,1,0,0,0,6,745
17,GT_PBKS_17,GT,Darshan Nalkande,0.5,5,0,6,1,1,0,0,3,746
18,CSK_SRH_18,SRH,Abhishek Sharma,1,6,0,7,0,0,0,0,2,786
18,CSK_SRH_18,SRH,Bhuvneshwar Kumar,4,24,0,28,1,0,0,0,11,787
18,CSK_SRH_18,SRH,T Natarajan,4,24,0,39,1,0,0,0,6,788
18,CSK_SRH_18,SRH,Pat Cummins,4,24,0,29,1,0,0,0,9,789
18,CSK_SRH_18,SRH,Mayank Markande,2,12,0,21,0,0,0,0,0,790
18,CSK_SRH_18,SRH,Shahbaz Ahmed,1,6,0,11,1,0,0,0,3,791
18,CSK_SRH_18,SRH,Jaydev Unadkat,4,24,0,29,1,1,0,0,8,792
18,CSK_SRH_18,CSK,Deepak Chahar,3.1,19,0,32,1,0,0,0,9,826
18,CSK_SRH_18,CSK,Mukesh Choudhary,1,6,0,27,0,0,1,0,2,827
18,CSK_SRH_18,CSK,Maheesh Theekshana,4,24,0,27,1,0,0,0,9,828
18,CSK_SRH_18,CSK,Tushar Deshpande,2,12,0,20,0,0,0,0,5,829
18,CSK_SRH_18,CSK,Ravindra Jadeja,4,24,0,30,0,0,0,0,5,830
18,CSK_SRH_18,CSK,Moeen Ali,3,18,0,23,2,1,0,0,5,831
18,CSK_SRH_18,CSK,Rachin Ravindra,1,6,0,3,0,0,0,0,3,832
19,RCB_RR_19,RR,Trent Boult,3,18,0,30,0,1,0,0,5,869
19,RCB_RR_19,RR,Nandre Burger,4,24,0,33,1,6,0,0,11,870
19,RCB_RR_19,RR,Ravichandran Ashwin,4,24,0,28,0,1,0,0,5,871
19,RCB_RR_19,RR,Avesh Khan,4,24,0,46,0,0,0,0,3,872
19,RCB_RR_19,RR,Yuzvendra Chahal,4,24,0,34,2,1,0,0,8,873
19,RCB_RR_19,RR,Riyan Parag,1,6,0,10,0,0,0,0,1,874
19,RCB_RR_19,RCB,Reece Topley,4,24,0,27,2,1,0,0,9,906
19,RCB_RR_19,RCB,Yash Dayal,4,24,0,37,1,0,0,0,10,907
19,RCB_RR_19,RCB,Mohammed Siraj,4,24,0,35,1,1,0,0,5,908
19,RCB_RR_19,RCB,Mayank Dagar,2,12,0,34,0,0,0,0,4,909
19,RCB_RR_19,RCB,Cameron Green,3.1,19,0,27,0,1,0,0,5,910
19,RCB_RR_19,RCB,Himanshu Sharma,2,12,0,29,0,0,0,0,0,911
2,DC_PBKS_2,PBKS,Sam Curran,1,6,0,10,0,1,0,0,3,948
2,DC_PBKS_2,PBKS,Arshdeep Singh,4,24,0,28,2,2,0,0,15,949
2,DC_PBKS_2,PBKS,Kagiso Rabada,4,24,0,36,1,1,0,0,12,950
2,DC_PBKS_2,PBKS,Harpreet Brar,3,18,0,14,1,0,0,0,7,951
2,DC_PBKS_2,PBKS,Rahul Chahar,4,24,0,33,1,0,0,0,6,952
2,DC_PBKS_2,PBKS,Harshal Patel,4,24,0,47,2,0,0,0,7,953
2,DC_PBKS_2,DC,Khaleel Ahmed,4,24,0,43,2,0,0,0,7,991
2,DC_PBKS_2,DC,Ishant Sharma,2,12,0,16,1,3,0,0,8,992
2,DC_PBKS_2,DC,Mitchell Marsh,4,24,0,52,0,1,0,0,5,993
2,DC_PBKS_2,DC,Axar Patel,4,24,0,25,0,0,0,0,5,994
2,DC_PBKS_2,DC,Kuldeep Yadav,4,24,0,20,2,0,0,0,7,995
2,DC_PBKS_2,DC,Sumit Kumar,1.2,8,0,19,0,2,0,0,2,996
20,DC_MI_20,DC,Khaleel Ahmed,4,24,0,39,1,0,0,0,8,1035
20,DC_MI_20,DC,Ishant Sharma,3,18,0,40,0,8,0,0,5,1036
20,DC_MI_20,DC,Jhye Richardson,4,24,0,40,0,2,0,0,8,1037
20,DC_MI_20,DC,Axar Patel,4,24,0,35,2,0,0,0,8,1038
20,DC_MI_20,DC,Lalit Yadav,1,6,0,15,0,0,0,0,1,1039
20,DC_MI_20,DC,Anrich Nortje,4,24,0,65,2,3,1,0,7,1040
20,DC_MI_20,MI,Gerald Coetzee,4,24,0,34,4,0,0,0,11,1074
20,DC_MI_20,MI,Jasprit Bumrah,4,24,0,22,2,0,0,0,11,1075
20,DC_MI_20,MI,Akash Madhwal,4,24,0,45,0,0,1,0,9,1076
20,DC_MI_20,MI,Romario Shepherd,4,24,0,54,1,1,0,0,4,1077
20,DC_MI_20,MI,Mohammad Nabi,2,12,0,17,0,0,0,0,1,1078
20,DC_MI_20,MI,Piyush Chawla,2,12,0,32,0,0,0,0,2,1079
21,GT_LSG_21,GT,Umesh Yadav,3,18,0,22,2,0,0,0,11,1120
21,GT_LSG_21,GT,Spencer Johnson,4,24,0,32,0,1,0,0,12,1121
21,GT_LSG_21,GT,Rashid Khan,4,24,0,28,1,0,0,0,4,1122
21,GT_LSG_21,GT,Mohit Sharma,3,18,0,34,0,0,0,0,2,1123
21,GT_LSG_21,GT,Noor Ahmad,4,24,0,22,0,0,0,0,7,1124
21,GT_LSG_21,GT,Darshan Nalkande,2,12,0,21,2,0,0,0,2,1125
21,GT_LSG_21,LSG,Manimaran Siddharth,4,24,0,29,0,2,3,0,10,1159
21,GT_LSG_21,LSG,Naveen Ul-Haq,4,24,0,37,1,1,1,0,7,1160
21,GT_LSG_21,LSG,Mayank Yadav,1,6,0,13,0,0,0,0,2,1161
21,GT_LSG_21,LSG,Yash Thakur,3.5,23,1,30,5,2,0,0,14,1162
21,GT_LSG_21,LSG,Krunal Pandya,4,24,0,11,3,0,0,0,13,1163
21,GT_LSG_21,LSG,Ravi Bishnoi,2,12,0,8,1,1,0,0,5,1164
22,CSK_KKR_22,CSK,Tushar Deshpande,4,24,0,33,3,2,0,0,12,1207
22,CSK_KKR_22,CSK,Mustafizur Rahman,4,24,0,22,2,2,1,0,16,1208
22,CSK_KKR_22,CSK,Shardul Thakur,3,18,0,27,0,1,1,0,3,1209
22,CSK_KKR_22,CSK,Maheesh Theekshana,4,24,0,28,1,0,0,0,13,1210
22,CSK_KKR_22,CSK,Ravindra Jadeja,4,24,0,18,3,1,0,0,11,1211
22,CSK_KKR_22,CSK,Rachin Ravindra,1,6,0,4,0,0,0,0,2,1212
22,CSK_KKR_22,KKR,Mitchell Starc,3,18,0,29,0,2,0,0,7,1250
22,CSK_KKR_22,KKR,Vaibhav Arora,4,24,0,28,2,0,0,0,11,1251
22,CSK_KKR_22,KKR,Anukul Roy,1.4,10,0,18,0,0,0,0,4,1252
22,CSK_KKR_22,KKR,Sunil Narine,4,24,0,30,1,0,0,0,5,1253
22,CSK_KKR_22,KKR,Varun Chakaravarthy,4,24,0,26,0,0,0,0,11,1254
22,CSK_KKR_22,KKR,Andre Russell,1,6,0,8,0,1,0,0,2,1255
23,PBKS_SRH_23,PBKS,Kagiso Rabada,4,24,0,32,1,1,0,0,13,1291
23,PBKS_SRH_23,PBKS,Arshdeep Singh,4,24,0,29,4,2,0,0,12,1292
23,PBKS_SRH_23,PBKS,Sam Curran,4,24,0,41,2,1,0,0,9,1293
23,PBKS_SRH_23,PBKS,Harshal Patel,4,24,0,30,2,1,0,0,8,1294
23,PBKS_SRH_23,PBKS,Harpreet Brar,4,24,0,48,0,0,0,0,7,1295
23,PBKS_SRH_23,SRH,Bhuvneshwar Kumar,4,24,1,32,2,2,0,0,13,1333
23,PBKS_SRH_23,SRH,Pat Cummins,4,24,0,22,1,0,0,0,11,1334
23,PBKS_SRH_23,SRH,T Natarajan,4,24,0,33,1,0,0,0,8,1335
23,PBKS_SRH_23,SRH,Nitish Reddy,3,18,0,33,1,1,0,0,6,1336
23,PBKS_SRH_23,SRH,Jaydev Unadkat,4,24,0,49,1,3,0,0,7,1337
23,PBKS_SRH_23,SRH,Shahbaz Ahmed,1,6,0,10,0,0,0,0,1,1338
24,GT_RR_24,GT,Umesh Yadav,4,24,0,47,1,2,0,0,9,1376
24,GT_RR_24,GT,Spencer Johnson,4,24,0,37,0,0,0,0,6,1377
24,GT_RR_24,GT,Rashid Khan,4,24,0,18,1,0,0,0,10,1378
24,GT_RR_24,GT,Noor Ahmad,4,24,0,43,0,1,0,0,6,1379
24,GT_RR_24,GT,Mohit Sharma,4,24,0,51,1,4,0,0,3,1380
24,GT_RR_24,RR,Trent Boult,2,12,0,8,0,0,0,0,7,1411
24,GT_RR_24,RR,Avesh Khan,4,24,0,48,1,2,0,0,3,1412
24,GT_RR_24,RR,Keshav Maharaj,2,12,0,16,0,0,0,0,3,1413
24,GT_RR_24,RR,Ravichandran Ashwin,4,24,0,40,0,0,0,0,4,1414
24,GT_RR_24,RR,Yuzvendra Chahal,4,24,0,43,2,1,0,0,4,1415
24,GT_RR_24,RR,Kuldeep Sen,4,24,0,41,3,4,1,0,7,1416
25,MI_RCB_25,MI,Mohammad Nabi,1,6,0,7,0,0,0,0,2,1456
25,MI_RCB_25,MI,Gerald Coetzee,4,24,0,42,1,3,0,0,13,1457
25,MI_RCB_25,MI,Jasprit Bumrah,4,24,0,21,5,0,0,0,13,1458
25,MI_RCB_25,MI,Akash Madhwal,4,24,0,57,1,3,0,0,7,1459
25,MI_RCB_25,MI,Shreyas Gopal,4,24,0,32,1,0,0,0,7,1460
25,MI_RCB_25,MI,Romario Shepherd,2,12,0,22,0,0,0,0,1,1461
25,MI_RCB_25,MI,Hardik Pandya,1,6,0,13,0,2,0,0,2,1462
25,MI_RCB_25,RCB,Reece Topley,3,18,0,34,0,1,0,0,8,1499
25,MI_RCB_25,RCB,Mohammed Siraj,3,18,0,37,0,0,0,0,7,1500
25,MI_RCB_25,RCB,Akash Deep,3.3,21,0,55,1,2,0,0,6,1501
25,MI_RCB_25,RCB,Glenn Maxwell,1,6,0,17,0,0,0,0,0,1502
25,MI_RCB_25,RCB,Vijaykumar Vyshak,3,18,0,32,1,0,0,0,6,1503
25,MI_RCB_25,RCB,Will Jacks,2,12,0,24,1,0,0,0,2,1504
26,DC_LSG_26,DC,Khaleel Ahmed,4,24,0,41,2,1,0,0,11,1540
26,DC_LSG_26,DC,Ishant Sharma,4,24,0,36,1,4,0,0,6,1541
26,DC_LSG_26,DC,Mukesh Kumar,4,24,0,41,1,1,0,0,5,1542
26,DC_LSG_26,DC,Axar Patel,4,24,0,26,0,0,0,0,7,1543
26,DC_LSG_26,DC,Kuldeep Yadav,4,24,0,20,3,1,0,0,10,1544
26,DC_LSG_26,LSG,Arshad Khan,3.1,19,0,34,0,0,0,0,7,1580
26,DC_LSG_26,LSG,Naveen Ul-Haq,3,18,0,24,1,0,0,0,5,1581
26,DC_LSG_26,LSG,Yash Thakur,4,24,0,31,1,0,0,0,11,1582
26,DC_LSG_26,LSG,Krunal Pandya,3,18,0,45,0,7,0,0,4,1583
26,DC_LSG_26,LSG,Ravi Bishnoi,4,24,0,25,2,0,0,0,12,1584
26,DC_LSG_26,LSG,Marcus Stoinis,1,6,0,10,0,0,0,0,2,1585
27,PBKS_RR_27,RR,Trent Boult,4,24,0,22,1,3,0,0,11,1622
27,PBKS_RR_27,RR,Kuldeep Sen,4,24,0,35,1,0,0,0,9,1623
27,PBKS_RR_27,RR,Avesh Khan,4,24,0,34,2,0,0,0,8,1624
27,PBKS_RR_27,RR,Yuzvendra Chahal,4,24,0,31,1,2,1,0,6,1625
27,PBKS_RR_27,RR,Keshav Maharaj,4,24,0,23,2,0,0,0,8,1626
27,PBKS_RR_27,PBKS,Arshdeep Singh,3.5,23,0,45,1,1,0,0,8,1663
27,PBKS_RR_27,PBKS,Kagiso Rabada,4,24,0,18,2,0,0,0,14,1664
27,PBKS_RR_27,PBKS,Sam Curran,4,24,0,25,2,1,0,0,9,1665
27,PBKS_RR_27,PBKS,Liam Livingstone,3,18,0,21,1,1,0,0,9,1666
27,PBKS_RR_27,PBKS,Harshal Patel,2,12,0,21,1,0,0,0,1,1667
27,PBKS_RR_27,PBKS,Harpreet Brar,3,18,0,22,0,0,0,0,2,1668
28,KKR_LSG_28,KKR,Mitchell Starc,4,24,0,28,3,1,0,0,13,1708
28,KKR_LSG_28,KKR,Vaibhav Arora,3,18,0,34,1,1,1,0,6,1709
28,KKR_LSG_28,KKR,Harshit Rana,4,24,0,35,0,2,0,0,9,1710
28,KKR_LSG_28,KKR,Sunil Narine,4,24,0,17,1,0,0,0,7,1711
28,KKR_LSG_28,KKR,Varun Chakaravarthy,4,24,0,30,1,2,0,0,9,1712
28,KKR_LSG_28,KKR,Andre Russell,1,6,0,16,1,0,0,0,2,1713
28,KKR_LSG_28,LSG,Shamar Joseph,4,24,0,47,0,7,3,0,12,1748
28,KKR_LSG_28,LSG,Mohsin Khan,4,24,0,29,2,1,0,0,12,1749
28,KKR_LSG_28,LSG,Krunal Pandya,1,6,0,14,0,0,0,0,1,1750
28,KKR_LSG_28,LSG,Yash Thakur,2,12,0,25,0,1,0,0,3,1751
28,KKR_LSG_28,LSG,Arshad Khan,2,12,0,24,0,2,0,0,5,1752
28,KKR_LSG_28,LSG,Ravi Bishnoi,2.4,16,0,17,0,2,0,0,7,1753
29,CSK_MI_29,MI,Mohammad Nabi,3,18,0,19,0,0,0,0,7,1788
29,CSK_MI_29,MI,Gerald Coetzee,4,24,0,35,1,1,0,0,13,1789
29,CSK_MI_29,MI,Jasprit Bumrah,4,24,0,27,0,2,0,0,8,1790
29,CSK_MI_29,MI,Akash Madhwal,3,18,0,37,0,0,0,0,4,1791
29,CSK_MI_29,MI,Shreyas Gopal,1,6,0,9,1,0,0,0,2,1792
29,CSK_MI_29,MI,Hardik Pandya,3,18,0,43,2,2,0,0,6,1793
29,CSK_MI_29,MI,Romario Shepherd,2,12,0,33,0,0,0,0,2,1794
29,CSK_MI_29,CSK,Tushar Deshpande,4,24,0,29,1,0,0,0,9,1827
29,CSK_MI_29,CSK,Mustafizur Rahman,4,24,0,55,1,3,0,0,5,1828
29,CSK_MI_29,CSK,Shardul Thakur,4,24,0,35,0,0,0,0,9,1829
29,CSK_MI_29,CSK,Ravindra Jadeja,4,24,0,37,0,0,0,0,8,1830
29,CSK_MI_29,CSK,Matheesha Prathirana,4,24,0,28,4,2,0,0,12,1831
3,KKR_SRH_3,SRH,Bhuvneshwar Kumar,4,24,0,51,0,2,1,0,7,1870
3,KKR_SRH_3,SRH,Marco Jansen,3,18,0,40,0,1,0,0,5,1871
3,KKR_SRH_3,SRH,T Natarajan,4,24,0,32,3,3,0,0,9,1872
3,KKR_SRH_3,SRH,Pat Cummins,4,24,0,32,1,0,0,0,8,1873
3,KKR_SRH_3,SRH,Mayank Markande,4,24,0,39,2,0,0,0,10,1874
3,KKR_SRH_3,SRH,Shahbaz Ahmed,1,6,0,14,0,0,1,0,2,1875
3,KKR_SRH_3,KKR,Mitchell Starc,4,24,0,53,0,6,0,0,8,1911
3,KKR_SRH_3,KKR,Harshit Rana,4,24,0,33,3,0,0,0,12,1912
3,KKR_SRH_3,KKR,Varun Chakaravarthy,4,24,0,55,1,0,0,0,8,1913
3,KKR_SRH_3,KKR,Sunil Narine,4,24,0,19,1,0,0,0,8,1914
3,KKR_SRH_3,KKR,Andre Russell,2,12,0,25,2,0,0,0,4,1915
3,KKR_SRH_3,KKR,Suyash Sharma,2,12,0,18,0,0,0,0,3,1916
30,RCB_SRH_30,RCB,Will Jacks,3,18,0,32,0,2,0,0,5,1956
30,RCB_SRH_30,RCB,Reece Topley,4,24,0,68,1,2,0,0,3,1957
30,RCB_SRH_30,RCB,Yash Dayal,4,24,0,51,0,3,1,0,5,1958
30,RCB_SRH_30,RCB,Lockie Ferguson,4,24,0,52,2,0,0,0,8,1959
30,RCB_SRH_30,RCB,Vijaykumar Vyshak,4,24,0,64,0,2,0,0,2,1960
30,RCB_SRH_30,RCB,Mahipal Lomror,1,6,0,18,0,3,0,0,1,1961
30,RCB_SRH_30,SRH,Abhishek Sharma,1,6,0,10,0,0,0,0,2,1993
30,RCB_SRH_30,SRH,Bhuvneshwar Kumar,4,24,0,60,0,4,0,0,5,1994
30,RCB_SRH_30,SRH,Shahbaz Ahmed,1,6,0,18,0,0,0,0,1,1995
30,RCB_SRH_30,SRH,T Natarajan,4,24,0,47,1,4,0,0,6,1996
30,RCB_SRH_30,SRH,Pat Cummins,4,24,0,43,3,1,0,0,10,1997
30,RCB_SRH_30,SRH,Mayank Markande,4,24,0,46,2,3,0,0,5,1998
30,RCB_SRH_30,SRH,Jaydev Unadkat,2,12,0,37,0,1,0,0,1,1999
31,KKR_RR_31,RR,Trent Boult,4,24,0,31,1,0,0,0,11,2039
31,KKR_RR_31,RR,Avesh Khan,4,24,0,35,2,1,0,0,10,2040
31,KKR_RR_31,RR,Kuldeep Sen,4,24,0,46,2,2,0,0,8,2041
31,KKR_RR_31,RR,Yuzvendra Chahal,4,24,0,54,1,1,0,0,4,2042
31,KKR_RR_31,RR,Ravichandran Ashwin,4,24,0,49,0,9,0,0,8,2043
31,KKR_RR_31,KKR,Mitchell Starc,4,24,0,50,0,9,0,0,7,2078
31,KKR_RR_31,KKR,Vaibhav Arora,3,18,0,45,1,0,1,0,4,2079
31,KKR_RR_31,KKR,Harshit Rana,4,24,0,45,2,1,0,0,6,2080
31,KKR_RR_31,KKR,Sunil Narine,4,24,0,30,2,3,0,0,12,2081
31,KKR_RR_31,KKR,Varun Chakaravarthy,4,24,0,36,2,1,0,0,11,2082
31,KKR_RR_31,KKR,Andre Russell,1,6,0,17,0,0,0,0,0,2083
32,DC_GT_32,DC,Khaleel Ahmed,4,24,1,18,1,1,0,0,16,2124
32,DC_GT_32,DC,Ishant Sharma,2,12,0,8,2,1,0,0,9,2125
32,DC_GT_32,DC,Mukesh Kumar,2.3,15,0,14,3,1,2,0,9,2126
32,DC_GT_32,DC,Kuldeep Yadav,4,24,0,16,0,0,0,0,13,2127
32,DC_GT_32,DC,Tristan Stubbs,1,6,0,11,2,1,0,0,3,2128
32,DC_GT_32,DC,Axar Patel,4,24,0,17,1,1,0,0,13,2129
32,DC_GT_32,GT,Sandeep Warrier,3,18,0,40,2,0,0,0,8,2168
32,DC_GT_32,GT,Spencer Johnson,2,12,0,22,1,2,0,0,6,2169
32,DC_GT_32,GT,Rashid Khan,2,12,0,12,1,0,0,0,6,2170
32,DC_GT_32,GT,Noor Ahmad,1.5,11,0,14,0,0,0,0,6,2171
33,MI_PBKS_33,PBKS,Liam Livingstone,2,12,0,16,0,0,0,0,4,2208
33,MI_PBKS_33,PBKS,Arshdeep Singh,3,18,0,35,0,1,0,0,4,2209
33,MI_PBKS_33,PBKS,Kagiso Rabada,4,24,0,42,1,0,0,0,7,2210
33,MI_PBKS_33,PBKS,Harshal Patel,4,24,0,31,3,2,0,0,9,2211
33,MI_PBKS_33,PBKS,Sam Curran,4,24,0,41,2,2,0,0,10,2212
33,MI_PBKS_33,PBKS,Harpreet Brar,3,18,0,21,0,0,0,0,3,2213
33,MI_PBKS_33,MI,Gerald Coetzee,4,24,0,32,3,6,0,0,13,2249
33,MI_PBKS_33,MI,Jasprit Bumrah,4,24,0,21,3,1,1,0,13,2250
33,MI_PBKS_33,MI,Akash Madhwal,3.1,19,0,46,1,4,1,0,7,2251
33,MI_PBKS_33,MI,Hardik Pandya,4,24,0,33,1,3,0,0,9,2252
33,MI_PBKS_33,MI,Shreyas Gopal,2,12,0,26,1,0,0,0,1,2253
33,MI_PBKS_33,MI,Romario Shepherd,2,12,0,20,0,0,0,0,6,2254
34,CSK_LSG_34,LSG,Matt Henry,3,18,0,26,0,0,0,0,6,2297
34,CSK_LSG_34,LSG,Mohsin Khan,4,24,0,37,1,3,0,0,7,2298
34,CSK_LSG_34,LSG,Yash Thakur,4,24,0,45,1,0,0,0,6,2299
34,CSK_LSG_34,LSG,Krunal Pandya,3,18,0,16,2,0,0,0,6,2300
34,CSK_LSG_34,LSG,Ravi Bishnoi,4,24,0,44,1,0,0,0,6,2301
34,CSK_LSG_34,LSG,Marcus Stoinis,2,12,0,7,1,0,0,0,6,2302
34,CSK_LSG_34,CSK,Deepak Chahar,3,18,0,26,0,0,0,0,8,2336
34,CSK_LSG_34,CSK,Tushar Deshpande,4,24,0,42,0,4,1,0,9,2337
34,CSK_LSG_34,CSK,Mustafizur Rahman,4,24,0,43,1,2,0,0,5,2338
34,CSK_LSG_34,CSK,Ravindra Jadeja,3,18,0,32,0,1,0,0,1,2339
34,CSK_LSG_34,CSK,Matheesha Prathirana,4,24,0,29,1,2,0,0,8,2340
34,CSK_LSG_34,CSK,Moeen Ali,1,6,0,5,0,0,0,0,2,2341
35,DC_SRH_35,DC,Khaleel Ahmed,3,18,0,51,0,0,0,0,4,2376
35,DC_SRH_35,DC,Lalit Yadav,2,12,0,41,0,0,0,0,2,2377
35,DC_SRH_35,DC,Anrich Nortje,3,18,0,31,0,1,0,0,6,2378
35,DC_SRH_35,DC,Kuldeep Yadav,4,24,0,55,4,2,0,0,8,2379
35,DC_SRH_35,DC,Mukesh Kumar,4,24,0,57,1,0,0,0,4,2380
35,DC_SRH_35,DC,Axar Patel,4,24,0,29,1,0,0,0,4,2381
35,DC_SRH_35,SRH,Washington Sunder,2,12,0,46,1,0,0,0,2,2417
35,DC_SRH_35,SRH,Bhuvneshwar Kumar,4,24,0,33,1,3,0,0,10,2418
35,DC_SRH_35,SRH,Pat Cummins,4,24,0,35,0,0,0,0,9,2419
35,DC_SRH_35,SRH,T Natarajan,4,24,1,19,4,1,0,0,14,2420
35,DC_SRH_35,SRH,Mayank Markande,2,12,0,26,2,2,0,0,3,2421
35,DC_SRH_35,SRH,Shahbaz Ahmed,1,6,0,22,0,0,0,0,0,2422
35,DC_SRH_35,SRH,Nitish Reddy,2.1,13,0,17,2,1,0,0,3,2423
36,KKR_RCB_36,RCB,Mohammed Siraj,4,24,0,40,1,2,0,0,13,2466
36,KKR_RCB_36,RCB,Yash Dayal,4,24,0,56,2,3,1,0,7,2467
36,KKR_RCB_36,RCB,Lockie Ferguson,4,24,0,47,1,0,1,0,3,2468
36,KKR_RCB_36,RCB,Karn Sharma,4,24,0,33,0,0,0,0,7,2469
36,KKR_RCB_36,RCB,Cameron Green,4,24,0,35,2,2,0,0,9,2470
36,KKR_RCB_36,KKR,Harshit Rana,4,24,0,33,2,1,0,0,9,2505
36,KKR_RCB_36,KKR,Mitchell Starc,3,18,0,55,1,1,0,0,6,2506
36,KKR_RCB_36,KKR,Varun Chakaravarthy,4,24,0,36,1,0,0,0,11,2507
36,KKR_RCB_36,KKR,Sunil Narine,4,24,0,34,2,0,0,0,11,2508
36,KKR_RCB_36,KKR,Suyash Sharma,2,12,0,33,0,1,0,0,2,2509
36,KKR_RCB_36,KKR,Andre Russell,3,18,0,25,3,1,0,0,10,2510
37,GT_PBKS_37,GT,Azmatullah Omarzai,2,12,0,13,0,0,0,0,7,2553
37,GT_PBKS_37,GT,Sandeep Warrier,1,6,0,21,0,0,1,0,2,2554
37,GT_PBKS_37,GT,Mohit Sharma,4,24,0,32,2,1,0,0,10,2555
37,GT_PBKS_37,GT,Rashid Khan,4,24,0,15,1,0,0,0,11,2556
37,GT_PBKS_37,GT,Noor Ahmad,4,24,0,20,2,0,0,0,10,2557
37,GT_PBKS_37,GT,Ravisrinivasan  Sai Kishore,4,24,0,33,4,1,0,0,11,2558
37,GT_PBKS_37,GT,Shahrukh Khan,1,6,0,7,0,0,0,0,1,2559
37,GT_PBKS_37,PBKS,Kagiso Rabada,4,24,0,40,0,0,0,0,8,2598
37,GT_PBKS_37,PBKS,Arshdeep Singh,2.1,13,0,17,1,0,0,0,3,2599
37,GT_PBKS_37,PBKS,Harshal Patel,3,18,0,15,3,0,0,0,8,2600
37,GT_PBKS_37,PBKS,Sam Curran,2,12,0,18,1,0,0,0,4,2601
37,GT_PBKS_37,PBKS,Harpreet Brar,4,24,0,35,0,0,0,0,7,2602
37,GT_PBKS_37,PBKS,Liam Livingstone,4,24,0,19,2,1,0,0,9,2603
38,MI_RR_38,RR,Trent Boult,4,24,0,32,2,3,0,0,10,2643
38,MI_RR_38,RR,Sandeep Sharma,4,24,0,18,5,0,0,0,13,2644
38,MI_RR_38,RR,Avesh Khan,4,24,0,49,1,3,0,0,7,2645
38,MI_RR_38,RR,Ravichandran Ashwin,4,24,0,31,0,1,0,0,4,2646
38,MI_RR_38,RR,Yuzvendra Chahal,4,24,0,48,1,2,0,0,6,2647
38,MI_RR_38,MI,Hardik Pandya,2,12,0,21,0,0,0,0,3,2685
38,MI_RR_38,MI,Jasprit Bumrah,4,24,0,37,0,1,1,0,10,2686
38,MI_RR_38,MI,Nuwan Thushara,3,18,0,28,0,0,0,0,2,2687
38,MI_RR_38,MI,Gerald Coetzee,2,12,0,25,0,3,0,0,7,2688
38,MI_RR_38,MI,Mohammad Nabi,3,18,0,30,0,0,0,0,6,2689
38,MI_RR_38,MI,Piyush Chawla,4,24,0,33,1,0,0,0,8,2690
38,MI_RR_38,MI,Tilak Varma,0.4,4,0,8,0,0,0,0,0,2691
39,CSK_LSG_39,LSG,Matt Henry,4,24,0,28,1,0,0,0,9,2725
39,CSK_LSG_39,LSG,Mohsin Khan,4,24,0,50,1,0,0,0,6,2726
39,CSK_LSG_39,LSG,Ravi Bishnoi,2,12,0,19,0,0,0,0,2,2727
39,CSK_LSG_39,LSG,Yash Thakur,4,24,0,47,1,1,0,0,9,2728
39,CSK_LSG_39,LSG,Marcus Stoinis,4,24,0,49,0,1,0,0,5,2729
39,CSK_LSG_39,LSG,Krunal Pandya,2,12,0,15,0,0,0,0,3,2730
39,CSK_LSG_39,CSK,Deepak Chahar,2,12,0,11,1,0,0,0,7,2763
39,CSK_LSG_39,CSK,Mustafizur Rahman,3.3,21,0,51,1,0,1,0,8,2764
39,CSK_LSG_39,CSK,Tushar Deshpande,3,18,0,34,0,0,1,0,6,2765
39,CSK_LSG_39,CSK,Shardul Thakur,3,18,0,42,0,1,0,0,0,2766
39,CSK_LSG_39,CSK,Moeen Ali,2,12,0,21,0,0,0,0,1,2767
39,CSK_LSG_39,CSK,Ravindra Jadeja,2,12,0,16,0,0,1,0,3,2768
39,CSK_LSG_39,CSK,Matheesha Prathirana,4,24,0,35,2,2,0,0,8,2769
40,DC_GT_40,GT,Azmatullah Omarzai,4,24,0,33,0,0,0,0,11,2860
40,DC_GT_40,GT,Sandeep Warrier,3,18,0,15,3,1,0,0,12,2861
40,DC_GT_40,GT,Rashid Khan,4,24,0,35,0,0,0,0,8,2862
40,DC_GT_40,GT,Noor Ahmad,3,18,0,36,1,1,0,0,4,2863
40,DC_GT_40,GT,Mohit Sharma,4,24,0,73,0,1,0,0,2,2864
40,DC_GT_40,GT,Shahrukh Khan,1,6,0,8,0,0,0,0,3,2865
40,DC_GT_40,GT,Ravisrinivasan  Sai Kishore,1,6,0,22,0,0,0,0,0,2866
40,DC_GT_40,DC,Khaleel Ahmed,2,12,0,26,0,1,0,0,2,2899
40,DC_GT_40,DC,Anrich Nortje,3,18,0,48,1,0,0,0,6,2900
40,DC_GT_40,DC,Rasikh Dar,4,24,0,44,3,1,0,0,8,2901
40,DC_GT_40,DC,Mukesh Kumar,4,24,0,41,1,0,1,0,7,2902
40,DC_GT_40,DC,Axar Patel,3,18,0,28,1,0,0,0,4,2903
40,DC_GT_40,DC,Kuldeep Yadav,4,24,0,29,2,1,0,0,5,2904
41,RCB_SRH_41,SRH,Abhishek Sharma,1,6,0,10,0,0,0,0,0,2945
41,RCB_SRH_41,SRH,Bhuvneshwar Kumar,1,6,0,14,0,0,0,0,1,2946
41,RCB_SRH_41,SRH,Pat Cummins,4,24,0,55,1,1,0,0,1,2947
41,RCB_SRH_41,SRH,T Natarajan,4,24,0,39,2,1,0,0,7,2948
41,RCB_SRH_41,SRH,Shahbaz Ahmed,3,18,0,14,0,0,0,0,7,2949
41,RCB_SRH_41,SRH,Mayank Markande,3,18,0,42,1,1,0,0,2,2950
41,RCB_SRH_41,SRH,Jaydev Unadkat,4,24,0,30,3,2,0,0,5,2951
41,RCB_SRH_41,RCB,Will Jacks,2,12,0,23,1,0,0,0,3,2987
41,RCB_SRH_41,RCB,Mohammed Siraj,4,24,0,20,0,2,0,0,11,2988
41,RCB_SRH_41,RCB,Yash Dayal,3,18,0,18,1,3,0,0,8,2989
41,RCB_SRH_41,RCB,Swapnil Singh,3,18,0,40,2,0,1,0,3,2990
41,RCB_SRH_41,RCB,Karn Sharma,4,24,0,29,2,2,0,0,10,2991
41,RCB_SRH_41,RCB,Lockie Ferguson,2,12,0,28,0,0,0,0,2,2992
41,RCB_SRH_41,RCB,Cameron Green,2,12,0,12,2,1,0,0,7,2993
42,KKR_PBKS_42,PBKS,Sam Curran,4,24,0,60,1,0,0,0,6,3034
42,KKR_PBKS_42,PBKS,Arshdeep Singh,4,24,0,45,2,5,0,0,10,3035
42,KKR_PBKS_42,PBKS,Harshal Patel,3,18,0,48,1,1,1,0,6,3036
42,KKR_PBKS_42,PBKS,Kagiso Rabada,3,18,0,52,0,4,0,0,2,3037
42,KKR_PBKS_42,PBKS,Rahul Chahar,4,24,0,33,1,0,0,0,9,3038
42,KKR_PBKS_42,PBKS,Harpreet Brar,2,12,0,21,0,0,0,0,3,3039
42,KKR_PBKS_42,KKR,Dushmantha Chameera,3,18,0,48,0,1,0,0,6,3074
42,KKR_PBKS_42,KKR,Harshit Rana,4,24,0,61,0,1,0,0,5,3075
42,KKR_PBKS_42,KKR,Anukul Roy,2,12,0,36,0,0,0,0,2,3076
42,KKR_PBKS_42,KKR,Sunil Narine,4,24,0,24,1,0,0,0,12,3077
42,KKR_PBKS_42,KKR,Varun Chakaravarthy,3,18,0,46,0,0,0,0,2,3078
42,KKR_PBKS_42,KKR,Andre Russell,2,12,0,36,0,2,0,0,2,3079
42,KKR_PBKS_42,KKR,Ramandeep Singh,0.4,4,0,9,0,0,0,0,0,3080
43,DC_MI_43,MI,Luke Wood,4,24,0,68,1,0,0,0,5,3115
43,DC_MI_43,MI,Jasprit Bumrah,4,24,0,35,1,2,1,0,10,3116
43,DC_MI_43,MI,Nuwan Thushara,4,24,0,56,0,2,0,0,3,3117
43,DC_MI_43,MI,Piyush Chawla,4,24,0,36,1,2,0,0,7,3118
43,DC_MI_43,MI,Hardik Pandya,2,12,0,41,0,0,0,0,4,3119
43,DC_MI_43,MI,Mohammad Nabi,2,12,0,20,1,0,0,0,2,3120
43,DC_MI_43,DC,Lizaad Williams,3,18,0,34,0,8,1,0,6,3153
43,DC_MI_43,DC,Khaleel Ahmed,4,24,0,45,2,0,0,0,7,3154
43,DC_MI_43,DC,Mukesh Kumar,4,24,0,59,3,0,0,0,6,3155
43,DC_MI_43,DC,Kuldeep Yadav,3,18,0,47,0,1,0,0,2,3156
43,DC_MI_43,DC,Axar Patel,2,12,0,24,0,0,0,0,1,3157
43,DC_MI_43,DC,Rasikh Dar,4,24,0,34,3,3,0,0,8,3158
44,LSG_RR_44,RR,Trent Boult,4,24,0,41,1,6,0,0,9,3200
44,LSG_RR_44,RR,Sandeep Sharma,4,24,0,31,2,1,0,0,7,3201
44,LSG_RR_44,RR,Avesh Khan,4,24,0,42,1,1,1,0,7,3202
44,LSG_RR_44,RR,Ravichandran Ashwin,4,24,0,39,1,6,0,0,6,3203
44,LSG_RR_44,RR,Yuzvendra Chahal,4,24,0,41,0,1,0,0,3,3204
44,LSG_RR_44,LSG,Matt Henry,3,18,0,32,0,0,0,0,7,3238
44,LSG_RR_44,LSG,Mohsin Khan,4,24,0,52,0,0,0,0,5,3239
44,LSG_RR_44,LSG,Yash Thakur,4,24,0,50,1,2,0,0,4,3240
44,LSG_RR_44,LSG,Marcus Stoinis,1,6,0,3,1,0,0,0,3,3241
44,LSG_RR_44,LSG,Krunal Pandya,4,24,0,24,0,0,0,0,5,3242
44,LSG_RR_44,LSG,Amit Mishra,2,12,0,20,1,0,0,0,5,3243
44,LSG_RR_44,LSG,Ravi Bishnoi,1,6,0,16,0,0,0,0,1,3244
45,GT_RCB_45,RCB,Swapnil Singh,3,18,0,23,1,0,0,0,5,3280
45,GT_RCB_45,RCB,Mohammed Siraj,4,24,0,34,1,4,0,0,9,3281
45,GT_RCB_45,RCB,Yash Dayal,4,24,0,34,0,3,1,0,9,3282
45,GT_RCB_45,RCB,Glenn Maxwell,3,18,0,28,1,0,0,0,5,3283
45,GT_RCB_45,RCB,Karn Sharma,3,18,0,38,0,1,0,0,4,3284
45,GT_RCB_45,RCB,Cameron Green,3,18,0,42,0,1,0,0,2,3285
45,GT_RCB_45,GT,Azmatullah Omarzai,2,12,0,18,0,0,0,0,7,3316
45,GT_RCB_45,GT,Sandeep Warrier,1,6,0,15,0,2,0,0,1,3317
45,GT_RCB_45,GT,Ravisrinivasan  Sai Kishore,3,18,0,30,1,0,0,0,4,3318
45,GT_RCB_45,GT,Rashid Khan,4,24,0,51,0,0,0,0,4,3319
45,GT_RCB_45,GT,Noor Ahmad,4,24,0,43,0,1,0,0,6,3320
45,GT_RCB_45,GT,Mohit Sharma,2,12,0,41,0,0,1,0,3,3321
46,CSK_SRH_46,SRH,Bhuvneshwar Kumar,4,24,0,38,1,0,0,0,7,3355
46,CSK_SRH_46,SRH,Nitish Reddy,1,6,0,8,0,1,0,0,2,3356
46,CSK_SRH_46,SRH,Shahbaz Ahmed,3,18,0,33,0,0,0,0,3,3357
46,CSK_SRH_46,SRH,T Natarajan,4,24,0,43,1,3,0,0,8,3358
46,CSK_SRH_46,SRH,Jaydev Unadkat,4,24,0,38,1,1,0,0,3,3359
46,CSK_SRH_46,SRH,Pat Cummins,4,24,0,49,0,1,0,0,4,3360
46,CSK_SRH_46,CSK,Deepak Chahar,3,18,0,22,0,0,0,0,5,3392
46,CSK_SRH_46,CSK,Tushar Deshpande,3,18,0,27,4,0,0,0,6,3393
46,CSK_SRH_46,CSK,Mustafizur Rahman,2.5,17,0,19,2,0,0,0,6,3394
46,CSK_SRH_46,CSK,Ravindra Jadeja,4,24,0,22,1,0,0,0,8,3395
46,CSK_SRH_46,CSK,Shardul Thakur,4,24,0,27,1,0,1,0,8,3396
46,CSK_SRH_46,CSK,Matheesha Prathirana,2,12,0,17,2,2,0,0,3,3397
47,DC_KKR_47,KKR,Mitchell Starc,3,18,0,43,1,6,0,0,6,3440
47,DC_KKR_47,KKR,Vaibhav Arora,4,24,0,29,2,2,1,0,15,3441
47,DC_KKR_47,KKR,Harshit Rana,4,24,0,28,2,1,0,0,11,3442
47,DC_KKR_47,KKR,Sunil Narine,4,24,0,24,1,0,0,0,9,3443
47,DC_KKR_47,KKR,Varun Chakaravarthy,4,24,0,16,3,0,0,0,13,3444
47,DC_KKR_47,KKR,Andre Russell,1,6,0,10,0,0,0,0,3,3445
47,DC_KKR_47,DC,Lizaad Williams,3,18,0,38,1,1,1,0,7,3482
47,DC_KKR_47,DC,Khaleel Ahmed,3,18,0,28,0,0,0,0,9,3483
47,DC_KKR_47,DC,Rasikh Dar,2.3,15,0,30,0,0,0,0,3,3484
47,DC_KKR_47,DC,Axar Patel,4,24,0,25,2,0,0,0,10,3485
47,DC_KKR_47,DC,Kuldeep Yadav,4,24,0,34,0,0,0,0,8,3486
48,LSG_MI_48,LSG,Marcus Stoinis,3,18,0,19,1,1,0,0,10,3522
48,LSG_MI_48,LSG,Mohsin Khan,4,24,0,36,2,0,0,0,10,3523
48,LSG_MI_48,LSG,Naveen Ul-Haq,4,24,0,15,1,0,1,0,11,3524
48,LSG_MI_48,LSG,Mayank Yadav,3,18,0,31,1,2,1,0,11,3525
48,LSG_MI_48,LSG,Ravi Bishnoi,4,24,0,28,1,1,0,0,8,3526
48,LSG_MI_48,LSG,Deepak Hooda,2,12,0,13,0,0,0,0,3,3527
48,LSG_MI_48,MI,Nuwan Thushara,4,24,0,30,1,3,0,0,11,3563
48,LSG_MI_48,MI,Jasprit Bumrah,4,24,0,17,0,0,0,0,16,3564
48,LSG_MI_48,MI,Gerald Coetzee,3,18,0,29,1,3,0,0,6,3565
48,LSG_MI_48,MI,Piyush Chawla,3,18,0,23,0,0,0,0,5,3566
48,LSG_MI_48,MI,Hardik Pandya,4,24,0,26,2,1,0,0,8,3567
48,LSG_MI_48,MI,Mohammad Nabi,1.2,8,0,16,1,0,0,0,1,3568
49,CSK_PBKS_49,PBKS,Kagiso Rabada,4,24,0,23,1,1,0,0,9,3607
49,CSK_PBKS_49,PBKS,Arshdeep Singh,4,24,0,52,1,5,0,0,8,3608
49,CSK_PBKS_49,PBKS,Sam Curran,3,18,0,37,0,0,1,0,6,3609
49,CSK_PBKS_49,PBKS,Harpreet Brar,4,24,0,17,2,1,0,0,10,3610
49,CSK_PBKS_49,PBKS,Rahul Chahar,4,24,0,16,2,0,0,0,9,3611
49,CSK_PBKS_49,PBKS,Harshal Patel,1,6,0,12,0,5,0,0,0,3612
49,CSK_PBKS_49,CSK,Deepak Chahar,0.2,2,0,4,0,0,0,0,1,3648
49,CSK_PBKS_49,CSK,Shardul Thakur,3.4,22,0,48,1,1,1,0,3,3649
49,CSK_PBKS_49,CSK,Richard Gleeson,3.5,23,0,30,1,1,1,0,10,3650
49,CSK_PBKS_49,CSK,Mustafizur Rahman,4,24,1,22,0,5,0,0,14,3651
49,CSK_PBKS_49,CSK,Ravindra Jadeja,3,18,0,22,0,0,0,0,6,3652
49,CSK_PBKS_49,CSK,Moeen Ali,2,12,0,22,0,0,0,0,4,3653
49,CSK_PBKS_49,CSK,Shivam Dube,1,6,0,14,1,0,0,0,1,3654
5,GT_MI_5,MI,Hardik Pandya,3,18,0,30,0,0,0,0,5,3690
5,GT_MI_5,MI,Luke Wood,2,12,0,25,0,1,1,0,4,3691
5,GT_MI_5,MI,Jasprit Bumrah,4,24,0,14,3,0,0,0,14,3692
5,GT_MI_5,MI,Shams Mulani,3,18,0,24,0,1,0,0,6,3693
5,GT_MI_5,MI,Piyush Chawla,3,18,0,31,1,5,0,0,4,3694
5,GT_MI_5,MI,Naman Dhir,1,6,0,13,0,0,0,0,0,3695
5,GT_MI_5,MI,Gerald Coetzee,4,24,0,27,2,0,0,0,7,3696
5,GT_MI_5,GT,Azmatullah Omarzai,3,18,0,27,2,2,0,0,13,3731
5,GT_MI_5,GT,Umesh Yadav,3,18,0,31,2,0,0,0,9,3732
5,GT_MI_5,GT,Rashid Khan,4,24,0,23,0,0,0,0,11,3733
5,GT_MI_5,GT,Ravisrinivasan  Sai Kishore,4,24,0,24,1,0,0,0,6,3734
5,GT_MI_5,GT,Spencer Johnson,2,12,0,25,2,0,0,0,3,3735
5,GT_MI_5,GT,Mohit Sharma,4,24,0,32,2,1,0,0,7,3736
50,RR_SRH_50,RR,Trent Boult,4,24,0,33,0,1,0,0,8,3778
50,RR_SRH_50,RR,Ravichandran Ashwin,4,24,0,36,0,1,0,0,10,3779
50,RR_SRH_50,RR,Avesh Khan,4,24,0,39,2,3,0,0,12,3780
50,RR_SRH_50,RR,Sandeep Sharma,4,24,0,31,1,2,0,0,10,3781
50,RR_SRH_50,RR,Yuzvendra Chahal,4,24,0,62,0,1,0,0,6,3782
50,RR_SRH_50,SRH,Bhuvneshwar Kumar,4,24,0,41,3,0,0,0,8,3814
50,RR_SRH_50,SRH,Marco Jansen,4,24,0,44,0,4,2,0,10,3815
50,RR_SRH_50,SRH,Pat Cummins,4,24,0,34,2,0,0,0,12,3816
50,RR_SRH_50,SRH,T Natarajan,4,24,0,35,2,3,0,0,8,3817
50,RR_SRH_50,SRH,Jaydev Unadkat,2,12,0,23,0,2,0,0,2,3818
50,RR_SRH_50,SRH,Nitish Reddy,1,6,0,12,0,2,0,0,1,3819
50,RR_SRH_50,SRH,Shahbaz Ahmed,1,6,0,11,0,0,0,0,2,3820
51,KKR_MI_51,MI,Nuwan Thushara,4,24,0,42,3,3,1,0,11,3860
51,KKR_MI_51,MI,Jasprit Bumrah,3.5,23,0,18,3,0,0,0,15,3861
51,KKR_MI_51,MI,Gerald Coetzee,2,12,0,24,0,0,0,0,3,3862
51,KKR_MI_51,MI,Hardik Pandya,4,24,0,44,2,1,0,0,9,3863
51,KKR_MI_51,MI,Naman Dhir,3,18,0,25,0,1,0,0,3,3864
51,KKR_MI_51,MI,Piyush Chawla,3,18,0,15,1,0,0,0,8,3865
51,KKR_MI_51,KKR,Vaibhav Arora,3,18,0,35,0,1,1,0,5,3904
51,KKR_MI_51,KKR,Mitchell Starc,3.5,23,0,33,4,3,0,0,12,3905
51,KKR_MI_51,KKR,Varun Chakaravarthy,4,24,0,22,2,0,0,0,11,3906
51,KKR_MI_51,KKR,Sunil Narine,4,24,0,22,2,1,0,0,11,3907
51,KKR_MI_51,KKR,Andre Russell,4,24,0,30,2,1,0,0,11,3908
52,GT_RCB_52,RCB,Swapnil Singh,1,6,0,1,0,0,0,0,5,3951
52,GT_RCB_52,RCB,Mohammed Siraj,4,24,0,29,2,3,0,0,13,3952
52,GT_RCB_52,RCB,Yash Dayal,4,24,0,21,2,0,0,0,11,3953
52,GT_RCB_52,RCB,Cameron Green,4,24,0,28,1,0,0,0,11,3954
52,GT_RCB_52,RCB,Vijaykumar Vyshak,3.3,21,0,23,2,1,0,0,10,3955
52,GT_RCB_52,RCB,Karn Sharma,3,18,0,42,1,0,0,0,6,3956
52,GT_RCB_52,GT,Mohit Sharma,2,12,0,32,0,0,0,0,2,3995
52,GT_RCB_52,GT,Joshua Little,4,24,0,45,4,1,0,0,9,3996
52,GT_RCB_52,GT,Manav Suthar,2,12,0,26,0,0,0,0,4,3997
52,GT_RCB_52,GT,Noor Ahmad,4,24,0,23,2,0,0,0,13,3998
52,GT_RCB_52,GT,Rashid Khan,1.4,10,0,25,0,0,0,0,1,3999
53,CSK_PBKS_53,PBKS,Kagiso Rabada,3,18,0,24,0,1,0,0,7,4038
53,CSK_PBKS_53,PBKS,Arshdeep Singh,4,24,0,42,2,1,0,0,7,4039
53,CSK_PBKS_53,PBKS,Sam Curran,4,24,0,34,1,0,0,0,3,4040
53,CSK_PBKS_53,PBKS,Harpreet Brar,1,6,0,19,0,0,0,0,1,4041
53,CSK_PBKS_53,PBKS,Rahul Chahar,4,24,0,23,3,1,0,0,10,4042
53,CSK_PBKS_53,PBKS,Harshal Patel,4,24,0,24,3,2,0,0,10,4043
53,CSK_PBKS_53,CSK,Mitchell Santner,3,18,0,10,1,0,0,0,11,4081
53,CSK_PBKS_53,CSK,Tushar Deshpande,4,24,0,35,2,1,0,0,11,4082
53,CSK_PBKS_53,CSK,Richard Gleeson,4,24,0,41,0,2,0,0,10,4083
53,CSK_PBKS_53,CSK,Ravindra Jadeja,4,24,0,20,3,0,0,0,9,4084
53,CSK_PBKS_53,CSK,Simarjeet Singh,3,18,0,16,2,0,0,0,11,4085
53,CSK_PBKS_53,CSK,Shardul Thakur,2,12,0,12,1,1,0,0,4,4086
54,LSG_KKR_54,LSG,Marcus Stoinis,2,12,0,29,0,0,0,0,4,4128
54,LSG_KKR_54,LSG,Naveen Ul-Haq,4,24,0,49,3,1,0,0,7,4129
54,LSG_KKR_54,LSG,Yash Thakur,4,24,0,46,1,3,0,0,7,4130
54,LSG_KKR_54,LSG,Krunal Pandya,2,12,0,26,0,6,0,0,2,4131
54,LSG_KKR_54,LSG,Ravi Bishnoi,4,24,0,33,1,2,0,0,8,4132
54,LSG_KKR_54,LSG,Yudhvir Charak,2,12,0,24,1,0,0,0,2,4133
54,LSG_KKR_54,KKR,Vaibhav Arora,2,12,0,21,0,1,0,0,4,4168
54,LSG_KKR_54,KKR,Mitchell Starc,2,12,0,22,1,0,0,0,5,4169
54,LSG_KKR_54,KKR,Sunil Narine,4,24,0,22,1,1,0,0,8,4170
54,LSG_KKR_54,KKR,Harshit Rana,3.1,19,0,24,3,1,0,0,8,4171
54,LSG_KKR_54,KKR,Varun Chakaravarthy,3,18,0,30,3,0,0,0,8,4172
54,LSG_KKR_54,KKR,Andre Russell,2,12,0,17,2,3,0,0,4,4173
55,MI_SRH_55,MI,Nuwan Thushara,4,24,0,42,0,4,1,0,7,4216
55,MI_SRH_55,MI,Anshul Kamboj,4,24,0,42,1,1,2,0,9,4217
55,MI_SRH_55,MI,Jasprit Bumrah,4,24,0,23,1,1,0,0,9,4218
55,MI_SRH_55,MI,Hardik Pandya,4,24,0,31,3,1,0,0,7,4219
55,MI_SRH_55,MI,Piyush Chawla,4,24,0,33,3,2,0,0,7,4220
55,MI_SRH_55,SRH,Bhuvneshwar Kumar,4,24,1,22,1,1,0,0,17,4256
55,MI_SRH_55,SRH,Marco Jansen,3,18,0,45,1,6,0,0,5,4257
55,MI_SRH_55,SRH,Pat Cummins,4,24,1,35,1,1,0,0,12,4258
55,MI_SRH_55,SRH,T Natarajan,3.2,20,0,31,0,0,0,0,8,4259
55,MI_SRH_55,SRH,Nitish Reddy,2,12,0,16,0,0,0,0,5,4260
55,MI_SRH_55,SRH,Shahbaz Ahmed,1,6,0,11,0,0,0,0,1,4261
56,DC_RR_56,RR,Trent Boult,4,24,0,48,1,0,0,0,8,4297
56,DC_RR_56,RR,Sandeep Sharma,4,24,0,42,1,0,0,0,7,4298
56,DC_RR_56,RR,Avesh Khan,2,12,0,42,0,0,0,0,0,4299
56,DC_RR_56,RR,Ravichandran Ashwin,4,24,0,24,3,0,0,0,6,4300
56,DC_RR_56,RR,Riyan Parag,2,12,0,17,0,1,0,0,4,4301
56,DC_RR_56,RR,Yuzvendra Chahal,4,24,0,48,1,0,0,0,5,4302
56,DC_RR_56,DC,Khaleel Ahmed,4,24,0,47,2,7,0,0,9,4339
56,DC_RR_56,DC,Ishant Sharma,3,18,0,34,0,1,0,0,7,4340
56,DC_RR_56,DC,Mukesh Kumar,3,18,0,30,2,1,0,0,7,4341
56,DC_RR_56,DC,Axar Patel,3,18,0,25,1,0,0,0,9,4342
56,DC_RR_56,DC,Kuldeep Yadav,4,24,0,25,2,0,1,0,10,4343
56,DC_RR_56,DC,Rasikh Dar,3,18,0,36,1,1,0,0,6,4344
57,LSG_SRH_57,SRH,Bhuvneshwar Kumar,4,24,0,12,2,0,0,0,12,4384
57,LSG_SRH_57,SRH,Pat Cummins,4,24,0,47,1,0,0,0,5,4385
57,LSG_SRH_57,SRH,Shahbaz Ahmed,2,12,0,9,0,0,0,0,4,4386
57,LSG_SRH_57,SRH,Vijayakanth Viyaskanth,4,24,0,27,0,0,0,0,8,4387
57,LSG_SRH_57,SRH,Jaydev Unadkat,2,12,0,19,0,0,0,0,4,4388
57,LSG_SRH_57,SRH,T Natarajan,4,24,0,50,0,3,0,0,4,4389
57,LSG_SRH_57,LSG,Krishnappa Gowtham,2,12,0,29,0,1,0,0,5,4422
57,LSG_SRH_57,LSG,Yash Thakur,2.4,16,0,47,0,1,0,0,4,4423
57,LSG_SRH_57,LSG,Ravi Bishnoi,2,12,0,34,0,0,0,0,4,4424
57,LSG_SRH_57,LSG,Naveen Ul-Haq,2,12,0,37,0,0,0,0,1,4425
57,LSG_SRH_57,LSG,Ayush Badoni,1,6,0,19,0,0,0,0,0,4426
58,PBKS_RCB_58,PBKS,Vidhwath Kaverappa,4,24,0,36,2,0,0,0,11,4459
58,PBKS_RCB_58,PBKS,Arshdeep Singh,3,18,0,41,1,2,0,0,5,4460
58,PBKS_RCB_58,PBKS,Sam Curran,3,18,0,50,1,2,0,0,2,4461
58,PBKS_RCB_58,PBKS,Harshal Patel,4,24,0,38,3,1,0,0,7,4462
58,PBKS_RCB_58,PBKS,Rahul Chahar,3,18,0,47,0,0,1,0,5,4463
58,PBKS_RCB_58,PBKS,Liam Livingstone,3,18,0,28,0,1,0,0,4,4464
58,PBKS_RCB_58,RRC,Swapnil Singh,3,18,0,28,2,0,0,0,7,4500
58,PBKS_RCB_58,RCB,Mohammed Siraj,4,24,0,43,3,3,0,0,9,4501
58,PBKS_RCB_58,RCB,Yash Dayal,2,12,0,22,0,1,0,0,5,4502
58,PBKS_RCB_58,RCB,Lockie Ferguson,3,18,0,29,2,0,0,0,6,4503
58,PBKS_RCB_58,RCB,Will Jacks,1,6,0,5,0,0,0,0,1,4504
58,PBKS_RCB_58,RCB,Cameron Green,1,6,0,16,0,0,0,0,1,4505
58,PBKS_RCB_58,RCB,Karn Sharma,3,18,0,36,2,0,0,0,7,4506
59,CSK_GT_59,CSK,Mitchell Santner,2,12,0,31,0,0,0,0,2,4549
59,CSK_GT_59,CSK,Tushar Deshpande,4,24,0,33,2,2,0,0,6,4550
59,CSK_GT_59,CSK,Shardul Thakur,4,24,0,25,0,0,0,0,10,4551
59,CSK_GT_59,CSK,Simarjeet Singh,4,24,0,60,0,2,0,0,4,4552
59,CSK_GT_59,CSK,Ravindra Jadeja,2,12,0,29,0,0,0,0,0,4553
59,CSK_GT_59,CSK,Daryl Mitchell,4,24,0,52,0,1,0,0,2,4554
59,CSK_GT_59,GT,Umesh Yadav,3,18,0,20,1,0,0,0,8,4586
59,CSK_GT_59,GT,Sandeep Warrier,3,18,0,28,1,0,0,0,8,4587
59,CSK_GT_59,GT,Kartik Tyagi,4,24,0,51,0,2,0,0,5,4588
59,CSK_GT_59,GT,Noor Ahmad,2,12,0,25,0,0,0,0,3,4589
59,CSK_GT_59,GT,Rashid Khan,4,24,0,38,2,0,0,0,10,4590
59,CSK_GT_59,GT,Mohit Sharma,4,24,0,31,3,2,0,0,10,4591
6,PBKS_RCB_6,RCB,Mohammed Siraj,4,24,0,26,2,0,0,0,12,4632
6,PBKS_RCB_6,RCB,Yash Dayal,4,24,0,23,1,2,0,0,13,4633
6,PBKS_RCB_6,RCB,Alzarri Joseph,4,24,0,43,1,3,0,0,8,4634
6,PBKS_RCB_6,RCB,Cameron Green,2,12,0,19,0,1,0,0,3,4635
6,PBKS_RCB_6,RCB,Mayank Dagar,3,18,0,34,0,0,0,0,4,4636
6,PBKS_RCB_6,RCB,Glenn Maxwell,3,18,0,29,2,0,0,0,6,4637
6,PBKS_RCB_6,PBKS,Sam Curran,3,18,0,30,1,0,0,0,7,4672
6,PBKS_RCB_6,PBKS,Arshdeep Singh,3.2,20,0,40,0,3,0,0,9,4673
6,PBKS_RCB_6,PBKS,Kagiso Rabada,4,24,0,23,2,1,0,0,13,4674
6,PBKS_RCB_6,PBKS,Harpreet Brar,4,24,0,13,2,0,0,0,12,4675
6,PBKS_RCB_6,PBKS,Harshal Patel,4,24,0,45,1,3,0,0,6,4676
6,PBKS_RCB_6,PBKS,Rahul Chahar,1,6,0,16,0,0,0,0,1,4677
60,KKR_MI_60,MI,Nuwan Thushara,3,18,0,31,1,2,0,0,6,4716
60,KKR_MI_60,MI,Jasprit Bumrah,4,24,0,39,2,0,0,0,10,4717
60,KKR_MI_60,MI,Anshul Kamboj,3,18,0,24,1,1,0,0,7,4718
60,KKR_MI_60,MI,Hardik Pandya,3,18,0,32,0,0,0,0,6,4719
60,KKR_MI_60,MI,Piyush Chawla,3,18,0,28,2,0,0,0,7,4720
60,KKR_MI_60,KKR,Vaibhav Arora,2,12,0,16,0,1,1,0,7,4756
60,KKR_MI_60,KKR,Mitchell Starc,1,6,0,11,0,0,0,0,2,4757
60,KKR_MI_60,KKR,Harshit Rana,3,18,0,34,2,1,0,0,7,4758
60,KKR_MI_60,KKR,Sunil Narine,3,18,0,21,1,0,0,0,10,4759
60,KKR_MI_60,KKR,Varun Chakaravarthy,4,24,0,17,2,1,0,0,12,4760
60,KKR_MI_60,KKR,Andre Russell,3,18,0,34,2,2,0,0,5,4761
61,CSK_RR_61,CSK,Tushar Deshpande,4,24,0,30,2,0,0,0,10,4802
61,CSK_RR_61,CSK,Maheesh Theekshana,4,24,0,28,0,0,0,0,9,4803
61,CSK_RR_61,CSK,Shardul Thakur,4,24,0,32,0,0,0,0,6,4804
61,CSK_RR_61,CSK,Simarjeet Singh,4,24,0,26,3,4,0,0,13,4805
61,CSK_RR_61,CSK,Ravindra Jadeja,4,24,0,24,0,0,0,0,7,4806
61,CSK_RR_61,RR,Trent Boult,2.2,14,0,24,0,1,0,0,6,4840
61,CSK_RR_61,RR,Sandeep Sharma,3,18,0,30,0,1,0,0,5,4841
61,CSK_RR_61,RR,Ravichandran Ashwin,4,24,0,35,2,1,0,0,8,4842
61,CSK_RR_61,RR,Nandre Burger,3,18,0,21,1,0,0,0,7,4843
61,CSK_RR_61,RR,Yuzvendra Chahal,4,24,0,22,1,1,0,0,8,4844
61,CSK_RR_61,RR,Avesh Khan,2,12,0,12,0,1,0,0,3,4845
62,DC_RCB_62,DC,Ishant Sharma,3,18,0,31,1,3,0,0,5,4883
62,DC_RCB_62,DC,Khaleel Ahmed,4,24,0,31,2,0,0,0,9,4884
62,DC_RCB_62,DC,Mukesh Kumar,3,18,0,23,1,0,0,0,9,4885
62,DC_RCB_62,DC,Axar Patel,3,18,0,24,0,0,0,0,5,4886
62,DC_RCB_62,DC,Kuldeep Yadav,4,24,0,52,1,1,0,0,6,4887
62,DC_RCB_62,DC,Rasikh Dar,3,18,0,23,2,3,0,0,5,4888
62,DC_RCB_62,RCB,Swapnil Singh,1,6,0,9,1,0,0,0,2,4926
62,DC_RCB_62,RCB,Mohammed Siraj,4,24,0,33,1,2,0,0,13,4927
62,DC_RCB_62,RCB,Yash Dayal,3.1,19,0,20,3,1,0,0,12,4928
62,DC_RCB_62,RCB,Karn Sharma,2,12,0,19,0,0,0,0,2,4929
62,DC_RCB_62,RCB,Lockie Ferguson,4,24,0,23,2,0,0,0,9,4930
62,DC_RCB_62,RCB,Cameron Green,4,24,0,19,1,2,0,0,12,4931
62,DC_RCB_62,RCB,Will Jacks,1,6,0,16,0,0,0,0,0,4932
64,DC_LSG_64,LSG,Arshad Khan,3,18,0,45,1,5,0,0,5,5011
64,DC_LSG_64,LSG,Mohsin Khan,4,24,0,29,0,0,0,0,11,5012
64,DC_LSG_64,LSG,Yudhvir Charak,2,12,0,28,0,0,0,0,3,5013
64,DC_LSG_64,LSG,Naveen Ul-Haq,4,24,0,51,2,1,0,0,6,5014
64,DC_LSG_64,LSG,Ravi Bishnoi,4,24,0,26,1,0,0,0,9,5015
64,DC_LSG_64,LSG,Krunal Pandya,2,12,0,20,0,1,0,0,3,5016
64,DC_LSG_64,LSG,Deepak Hooda,1,6,0,9,0,1,0,0,1,5017
64,DC_LSG_64,DC,Ishant Sharma,4,24,0,34,3,2,0,0,10,5050
64,DC_LSG_64,DC,Khaleel Ahmed,2,12,0,22,1,1,0,0,7,5051
64,DC_LSG_64,DC,Axar Patel,1,6,0,20,1,0,0,0,2,5052
64,DC_LSG_64,DC,Mukesh Kumar,4,24,0,33,1,2,0,0,9,5053
64,DC_LSG_64,DC,Kuldeep Yadav,4,24,0,33,1,0,0,0,9,5054
64,DC_LSG_64,DC,Tristan Stubbs,1,6,0,4,1,0,0,0,3,5055
64,DC_LSG_64,DC,Gulbadin Naib,1,6,0,12,0,0,0,0,1,5056
64,DC_LSG_64,DC,Rasikh Dar,3,18,0,30,0,0,0,0,5,5057
65,PBKS_RR_65,PBKS,Sam Curran,3,18,0,24,2,0,0,0,11,5099
65,PBKS_RR_65,PBKS,Arshdeep Singh,4,24,0,31,1,0,0,0,12,5100
65,PBKS_RR_65,PBKS,Nathan Ellis,4,24,0,24,1,0,0,0,10,5101
65,PBKS_RR_65,PBKS,Harshal Patel,4,24,0,28,2,1,0,0,8,5102
65,PBKS_RR_65,PBKS,Rahul Chahar,4,24,0,26,2,0,0,0,9,5103
65,PBKS_RR_65,PBKS,Harpreet Brar,1,6,0,10,0,0,0,0,1,5104
65,PBKS_RR_65,RR,Trent Boult,3,18,0,27,1,0,0,0,7,5142
65,PBKS_RR_65,RR,Sandeep Sharma,4,24,0,28,0,0,0,0,11,5143
65,PBKS_RR_65,RR,Avesh Khan,3.5,23,0,28,2,0,0,0,9,5144
65,PBKS_RR_65,RR,Ravichandran Ashwin,4,24,0,31,0,0,0,0,11,5145
65,PBKS_RR_65,RR,Yuzvendra Chahal,4,24,0,31,2,1,0,0,5,5146
67,LSG_MI_67,MI,Nuwan Thushara,4,24,0,28,3,2,0,0,11,5220
67,LSG_MI_67,MI,Arjun Tendulkar,2,12,0,22,0,1,0,0,7,5221
67,LSG_MI_67,MI,Anshul Kamboj,3,18,0,48,0,4,0,0,4,5222
67,LSG_MI_67,MI,Piyush Chawla,4,24,0,29,3,0,0,0,10,5223
67,LSG_MI_67,MI,Nehal Wadhera,2,12,0,13,0,0,0,0,2,5224
67,LSG_MI_67,MI,Hardik Pandya,2,12,0,27,0,0,0,0,1,5225
67,LSG_MI_67,MI,Naman Dhir,0,0,0,17,0,0,0,0,0,5226
67,LSG_MI_67,MI,Romario Shepherd,2,12,0,30,0,4,0,0,5,5227
67,LSG_MI_67,LSG,Arshad Khan,2,12,0,11,0,3,0,0,7,5262
67,LSG_MI_67,LSG,Matt Henry,2,12,0,24,0,2,0,0,4,5263
67,LSG_MI_67,LSG,Krunal Pandya,4,24,0,29,1,1,0,0,10,5264
67,LSG_MI_67,LSG,Mohsin Khan,4,24,0,45,1,3,0,0,9,5265
67,LSG_MI_67,LSG,Naveen Ul-Haq,4,24,0,50,2,1,1,0,8,5266
67,LSG_MI_67,LSG,Ravi Bishnoi,4,24,0,37,2,0,0,0,9,5267
68,CSK_RCB_68,CSK,Tushar Deshpande,4,24,0,49,1,4,0,0,10,5306
68,CSK_RCB_68,CSK,Shardul Thakur,4,24,0,61,2,0,0,0,5,5307
68,CSK_RCB_68,CSK,Maheesh Theekshana,4,24,0,25,0,1,0,0,11,5308
68,CSK_RCB_68,CSK,Mitchell Santner,4,24,0,23,1,0,0,0,10,5309
68,CSK_RCB_68,CSK,Ravindra Jadeja,3,18,0,40,0,0,0,0,2,5310
68,CSK_RCB_68,CSK,Simarjeet Singh,1,6,0,19,0,2,0,0,0,5311
68,CSK_RCB_68,RCB,Glenn Maxwell,4,24,0,25,1,5,0,0,7,5345
68,CSK_RCB_68,RCB,Mohammed Siraj,4,24,0,35,1,1,0,0,7,5346
68,CSK_RCB_68,RCB,Yash Dayal,4,24,0,42,2,0,0,0,9,5347
68,CSK_RCB_68,RCB,Swapnil Singh,2,12,0,13,0,1,0,0,1,5348
68,CSK_RCB_68,RCB,Karn Sharma,1,6,0,14,0,0,0,0,0,5349
68,CSK_RCB_68,RCB,Lockie Ferguson,3,18,0,39,1,0,2,0,6,5350
68,CSK_RCB_68,RCB,Cameron Green,2,12,0,18,1,1,0,0,3,5351
69,PBKS_SRH_69,SRH,Bhuvneshwar Kumar,4,24,0,36,0,0,0,0,8,5391
69,PBKS_SRH_69,SRH,Pat Cummins,4,24,0,36,1,0,0,0,7,5392
69,PBKS_SRH_69,SRH,T Natarajan,4,24,0,33,2,2,0,0,8,5393
69,PBKS_SRH_69,SRH,Vijayakanth Viyaskanth,4,24,0,37,1,0,0,0,10,5394
69,PBKS_SRH_69,SRH,Shahbaz Ahmed,1,6,0,13,0,0,0,0,1,5395
69,PBKS_SRH_69,SRH,Nitish Reddy,3,18,0,54,0,2,1,0,2,5396
69,PBKS_SRH_69,PBKS,Arshdeep Singh,4,24,0,37,2,1,0,0,10,5430
69,PBKS_SRH_69,PBKS,Rishi Dhawan,3,18,0,35,0,1,0,0,5,5431
69,PBKS_SRH_69,PBKS,Harshal Patel,4,24,0,49,2,2,1,0,6,5432
69,PBKS_SRH_69,PBKS,Rahul Chahar,4,24,0,43,0,1,0,0,6,5433
69,PBKS_SRH_69,PBKS,Harpreet Brar,3,18,0,36,1,5,0,0,7,5434
69,PBKS_SRH_69,PBKS,Shashank Singh,1,6,0,5,1,0,0,0,1,5435
69,PBKS_SRH_69,PBKS,Atharva Taide,0.1,1,0,4,0,0,0,0,0,5436
7,CSK_GT_7,GT,Azmatullah Omarzai,3,18,0,30,0,1,0,0,7,5476
7,CSK_GT_7,GT,Umesh Yadav,2,12,0,27,0,1,0,0,5,5477
7,CSK_GT_7,GT,Rashid Khan,4,24,0,49,2,0,0,0,4,5478
7,CSK_GT_7,GT,Ravisrinivasan  Sai Kishore,3,18,0,28,1,2,0,0,6,5479
7,CSK_GT_7,GT,Spencer Johnson,4,24,0,35,1,0,0,0,8,5480
7,CSK_GT_7,GT,Mohit Sharma,4,24,0,36,1,1,0,0,4,5481
7,CSK_GT_7,CSK,Deepak Chahar,4,24,0,28,2,3,0,0,11,5516
7,CSK_GT_7,CSK,Mustafizur Rahman,4,24,0,30,2,0,0,0,10,5517
7,CSK_GT_7,CSK,Tushar Deshpande,4,24,0,21,2,0,0,0,12,5518
7,CSK_GT_7,CSK,Ravindra Jadeja,2,12,0,15,0,0,0,0,2,5519
7,CSK_GT_7,CSK,Daryl Mitchell,2,12,0,18,1,1,0,0,2,5520
7,CSK_GT_7,CSK,Matheesha Prathirana,4,24,0,29,1,5,0,0,13,5521
71,KKR_SRH_71,KKR,Mitchell Starc,4,24,0,34,3,1,0,0,11,5620
71,KKR_SRH_71,KKR,Vaibhav Arora,2,12,0,17,1,2,1,0,5,5621
71,KKR_SRH_71,KKR,Harshit Rana,4,24,0,27,1,1,0,0,9,5622
71,KKR_SRH_71,KKR,Sunil Narine,4,24,0,40,1,0,0,0,7,5623
71,KKR_SRH_71,KKR,Andre Russell,1.3,9,0,15,1,0,0,0,2,5624
71,KKR_SRH_71,KKR,Varun Chakaravarthy,4,24,0,26,2,1,1,0,9,5625
71,KKR_SRH_71,SRH,Bhuvneshwar Kumar,3,18,0,28,0,0,0,0,9,5663
71,KKR_SRH_71,SRH,Pat Cummins,3,18,0,38,1,1,0,0,6,5664
71,KKR_SRH_71,SRH,T Natarajan,3,18,0,22,1,1,0,0,11,5665
71,KKR_SRH_71,SRH,Vijayakanth Viyaskanth,2,12,0,22,0,0,0,0,1,5666
71,KKR_SRH_71,SRH,Travis Head,1.4,10,0,32,0,0,0,0,2,5667
71,KKR_SRH_71,SRH,Nitish Reddy,1,6,0,13,0,0,0,0,1,5668
72,RCB_RR_72,RR,Trent Boult,4,24,0,16,1,0,0,0,14,5703
72,RCB_RR_72,RR,Sandeep Sharma,4,24,0,48,1,0,0,0,3,5704
72,RCB_RR_72,RR,Avesh Khan,4,24,0,44,3,0,0,0,6,5705
72,RCB_RR_72,RR,Ravichandran Ashwin,4,24,0,19,2,2,0,0,9,5706
72,RCB_RR_72,RR,Yuzvendra Chahal,4,24,0,43,1,0,0,0,7,5707
72,RCB_RR_72,RCB,Swapnil Singh,2,12,0,19,0,0,0,0,4,5744
72,RCB_RR_72,RCB,Mohammed Siraj,4,24,0,33,2,3,0,0,7,5745
72,RCB_RR_72,RCB,Yash Dayal,3,18,0,37,0,0,0,0,5,5746
72,RCB_RR_72,RCB,Lockie Ferguson,4,24,0,37,1,0,0,0,9,5747
72,RCB_RR_72,RCB,Karn Sharma,2,12,0,19,1,2,0,0,1,5748
72,RCB_RR_72,RCB,Cameron Green,4,24,0,28,1,0,0,0,9,5749
73,RR_SRH_73,RR,Trent Boult,4,24,0,45,3,2,0,0,7,5788
73,RR_SRH_73,RR,Ravichandran Ashwin,4,24,0,43,0,0,0,0,4,5789
73,RR_SRH_73,RR,Sandeep Sharma,4,24,0,25,2,1,0,0,10,5790
73,RR_SRH_73,RR,Avesh Khan,4,24,0,27,3,2,0,0,11,5791
73,RR_SRH_73,RR,Yuzvendra Chahal,4,24,0,34,0,2,0,0,9,5792
73,RR_SRH_73,SRH,Bhuvneshwar Kumar,3,18,0,33,0,0,0,0,7,5830
73,RR_SRH_73,SRH,Pat Cummins,4,24,0,30,1,1,0,0,10,5831
73,RR_SRH_73,SRH,T Natarajan,3,18,0,13,1,1,0,0,13,5832
73,RR_SRH_73,SRH,Jaydev Unadkat,1,6,0,5,0,1,0,0,2,5833
73,RR_SRH_73,SRH,Shahbaz Ahmed,4,24,0,23,3,0,0,0,13,5834
73,RR_SRH_73,SRH,Abhishek Sharma,4,24,0,24,2,0,0,0,8,5835
73,RR_SRH_73,SRH,Aiden Markram,1,6,0,10,0,0,1,0,2,5836
74,KKR_SRH_74,KKR,Mitchell Starc,3,18,0,14,2,0,0,0,11,5839
74,KKR_SRH_75,KKR,Vaibhav Arora,3,18,0,24,1,4,0,0,9,5840
74,KKR_SRH_76,KKR,Harshit Rana,4,24,1,24,2,1,0,0,13,5841
74,KKR_SRH_77,KKR,Sunil Narine,4,24,0,16,1,0,0,0,9,5842
74,KKR_SRH_78,KKR,Andre Russell,2.3,15,0,19,3,1,0,0,7,5843
74,KKR_SRH_79,KKR,Varun Chakaravarthy,2,12,0,9,1,0,0,0,7,5844
74,KKR_SRH_81,SRH,Bhuvneshwar Kumar,2,12,0,25,0,1,0,0,5,5846
74,KKR_SRH_82,SRH,Pat Cummins,2,12,0,18,1,2,0,0,7,5847
74,KKR_SRH_83,SRH,T Natarajan,2,12,0,29,0,2,0,0,2,5848
74,KKR_SRH_84,SRH,Shahbaz Ahmed,2.3,15,0,22,1,0,0,0,7,5849
74,KKR_SRH_85,SRH,Jaydev Unadkat,1,6,0,9,0,0,0,0,1,5850
74,KKR_SRH_86,SRH,Aiden Markram,1,6,0,5,0,0,0,0,2,5851
8,MI_SRH_8,MI,Kwena Maphaka,4,24,0,66,0,3,0,0,7,5891
8,MI_SRH_8,MI,Hardik Pandya,4,24,0,46,1,0,0,0,5,5892
8,MI_SRH_8,MI,Jasprit Bumrah,4,24,0,36,0,1,1,0,4,5893
8,MI_SRH_8,MI,Gerald Coetzee,4,24,0,57,1,6,1,0,3,5894
8,MI_SRH_8,MI,Piyush Chawla,2,12,0,34,1,0,0,0,1,5895
8,MI_SRH_8,MI,Shams Mulani,2,12,0,33,0,2,0,0,1,5896
8,MI_SRH_8,SRH,Bhuvneshwar Kumar,4,24,0,53,0,0,0,0,7,5928
8,MI_SRH_8,SRH,Jaydev Unadkat,4,24,0,47,2,2,0,0,6,5929
8,MI_SRH_8,SRH,Shahbaz Ahmed,3,18,0,39,1,0,0,0,5,5930
8,MI_SRH_8,SRH,Pat Cummins,4,24,0,35,2,1,0,0,7,5931
8,MI_SRH_8,SRH,Umran Malik,1,6,0,15,0,1,0,0,2,5932
8,MI_SRH_8,SRH,Mayank Markande,4,24,0,52,0,1,1,0,5,5933
9,DC_RR_9,DC,Khaleel Ahmed,4,24,0,24,1,2,0,0,14,5971
9,DC_RR_9,DC,Mukesh Kumar,4,24,0,49,1,1,0,0,8,5972
9,DC_RR_9,DC,Anrich Nortje,4,24,0,48,1,0,0,0,8,5973
9,DC_RR_9,DC,Axar Patel,4,24,0,21,1,0,0,0,6,5974
9,DC_RR_9,DC,Kuldeep Yadav,4,24,0,41,1,2,0,0,5,5975
9,DC_RR_9,RR,Trent Boult,3,18,0,29,0,0,0,0,8,6009
9,DC_RR_9,RR,Nandre Burger,3,18,0,29,2,0,0,0,9,6010
9,DC_RR_9,RR,Ravichandran Ashwin,3,18,0,30,0,1,0,0,4,6011
9,DC_RR_9,RR,Avesh Khan,4,24,0,29,1,1,0,0,8,6012
9,DC_RR_9,RR,Yuzvendra Chahal,3,18,0,19,2,0,0,0,7,6013
9,DC_RR_9,RR,Sandeep Sharma,4,24,0,36,0,2,0,0,3,6014
